Modbus address,Object designation,WPMsystem,WPM 3,WPM 3i,Comments,Min. value,Max. value,Data type,Unit,Write/ read (w/r),Suffix
7500,CONTROL SIGNAL EXTERNAL BOOSTER HEATER,,,,ISG WPM G primary FC04 reference 37500; unavailable 0x8000,0,1,6,,r,
7501,CONTROL SIGNAL INTERNAL BOOSTER HEATER STAGE 2,,,,ISG WPM G primary FC04 reference 37501; unavailable 0x8000,0,1,6,,r,
7502,CONTROL SIGNAL HEATING CIRCUIT 1 CIRCULATION PUMP,,,,ISG WPM G primary FC04 reference 37502; unavailable 0x8000,0,1,6,,r,
7503,CONTROL SIGNAL CONDENSER,,,,ISG WPM G primary FC04 reference 37503; unavailable 0x8000,0,1,6,,r,
7504,CONTROL SIGNAL INTERNAL BOOSTER HEATER STAGE 1,,,,ISG WPM G primary FC04 reference 37504; unavailable 0x8000,0,1,6,,r,
7505,CONTROL SIGNAL HOT GAS CIRCULATION PUMP,,,,ISG WPM G primary FC04 reference 37505; unavailable 0x8000,0,1,6,,r,
7506,CONTROL SIGNAL BRINE PUMP,,,,ISG WPM G primary FC04 reference 37506; unavailable 0x8000,0,1,6,,r,
7507,CONTROL SIGNAL EXTERNAL BOOSTER HEATER DHW CIRCULATION PUMP,,,,ISG WPM G primary FC04 reference 37507; unavailable 0x8000,0,1,6,,r,
7508,CONTROL SIGNAL EXTERNAL RELAY FOR BRINE PUMP,,,,ISG WPM G primary FC04 reference 37508; unavailable 0x8000,0,1,6,,r,
7600,FEEDBACK EXTERNAL BOOSTER HEATER,,,,ISG WPM G primary FC04 reference 37600; unavailable 0x8000,0,1,6,,r,
7601,FEEDBACK INTERNAL BOOSTER HEATER,,,,ISG WPM G primary FC04 reference 37601; unavailable 0x8000,0,1,6,,r,
7602,CONTROL SIGNAL HOT GAS CONTROL,,,,ISG WPM G primary FC04 reference 37602; unavailable 0x8000,0,1,6,,r,
7603,HEAT PUMP OFF,,,,ISG WPM G primary FC04 reference 37603; unavailable 0x8000,0,1,6,,r,
7604,HEAT PUMP READY TO START,,,,ISG WPM G primary FC04 reference 37604; unavailable 0x8000,0,1,6,,r,
7650,CONTROL SIGNAL DHW DRAW OFF CONTROL FLOW DHW CIRCULATION PUMP,,,,ISG WPM G primary FC04 reference 37650; unavailable 0x8000,0,1,6,,r,
7651,CONTROL SIGNAL DHW CHARGING SYSTEM CONTROL,,,,ISG WPM G primary FC04 reference 37651; unavailable 0x8000,0,1,6,,r,
7652,CONTROL SIGNAL DHW CHARGING SYSTEM DHW CIRCULATION PUMP,,,,ISG WPM G primary FC04 reference 37652; unavailable 0x8000,0,1,6,,r,
7653,CONTROL SIGNAL DHW DRAW OFF CONTROL CYLINDER HEATING,,,,ISG WPM G primary FC04 reference 37653; unavailable 0x8000,0,1,6,,r,
7655,CONTROL SIGNAL COOLING CIRCUIT DHW CIRCULATION PUMP,,,,ISG WPM G primary FC04 reference 37655; unavailable 0x8000,0,1,6,,r,
7656,CONTROL SIGNAL POOL DHW CIRCULATION PUMP,,,,ISG WPM G primary FC04 reference 37656; unavailable 0x8000,0,1,6,,r,
7657,CONTROL SIGNAL COOLING CIRCUIT CONTROL,,,,ISG WPM G primary FC04 reference 37657; unavailable 0x8000,0,1,6,,r,
7660,CONTROL SIGNAL POOL CONTROL,,,,ISG WPM G primary FC04 reference 37660; unavailable 0x8000,0,1,6,,r,
7661,NOTE IF MIXING VALVE USED FOR PASSIVE COOLING,,,,ISG WPM G primary FC04 reference 37661; unavailable 0x8000,0,1,6,,r,
7663,CONTROL SIGNAL COMPRESSOR,,,,ISG WPM G primary FC04 reference 37663; unavailable 0x8000,0,1,6,,r,
7700,COMPRESSOR CANNOT START,,,,ISG WPM G primary FC04 reference 37700; unavailable 0x8000,0,1,6,,r,
